{
    "Workstation2": {
        "posedstamped": {
            "header": {
                "frame_id": "map",
                "seq": 0,
                "stamp": "0"
            },
            "pose": {
                "orientation": {
                    "w": 0.4892892392769454,
                    "x": 0.10508993160309953,
                    "y": 0.18180397674714907,
                    "z": 0.8464629115574799
                },
                "position": {
                    "x": -5.995988803074059,
                    "y": 4.237406837467315,
                    "z": 0.23
                }
            }
        }
    },
    "Workstation3": {
        "posedstamped": {
            "header": {
                "frame_id": "map",
                "seq": 0,
                "stamp": "0"
            },
            "pose": {
                "orientation": {
                    "w": -0.3543768785792829,
                    "x": 0.05363400531312541,
                    "y": -0.1397013977166148,
                    "z": 0.923051429162265
                },
                "position": {
                    "x": -7.0157701536728645,
                    "y": 1.0240165396835443,
                    "z": 0.23
                }
            }
        }
    },
    "Workstation4": {
        "posedstamped": {
            "header": {
                "frame_id": "map",
                "seq": 0,
                "stamp": "0"
            },
            "pose": {
                "orientation": {
                    "w": -0.3542618529986425,
                    "x": -0.055040499611883995,
                    "y": 0.14331925976203141,
                    "z": 0.9224579517212186
                },
                "position": {
                    "x": -5.780267841691656,
                    "y": 0.08887395798666908,
                    "z": 0.23000000000000004
                }
            }
        }
    },
    "Workstation5": {
        "posedstamped": {
            "header": {
                "frame_id": "map",
                "seq": 0,
                "stamp": "0"
            },
            "pose": {
                "orientation": {
                    "w": 0.1219913112176822,
                    "x": -0.014742318056329362,
                    "y": -0.11906519289309592,
                    "z": 0.9852534008502821
                },
                "position": {
                    "x": -6.670743292952737,
                    "y": 3.4457811150033604,
                    "z": 0.22999999999999995
                }
            }
        }
    }
}