{
    "Workstation2": {
        "posedstamped": {
            "header": {
                "frame_id": "map",
                "seq": 0,
                "stamp": "0"
            },
            "pose": {
                "orientation": {
                    "w": 0.330895149860745,
                    "x": 0.05257515845632888,
                    "y": 0.1478496265385447,
                    "z": 0.9305292797351088
                },
                "position": {
                    "x": -6.697305824497898,
                    "y": 3.330404452257578,
                    "z": 0.23000000000000004
                }
            }
        }
    },
    "Workstation3": {
        "posedstamped": {
            "header": {
                "frame_id": "map",
                "seq": 0,
                "stamp": "0"
            },
            "pose": {
                "orientation": {
                    "w": -0.4128166823024182,
                    "x": -0.09333987558748282,
                    "y": 0.1998114296107183,
                    "z": 0.883711178516521
                },
                "position": {
                    "x": -5.790553720310382,
                    "y": -2.2028277297445227,
                    "z": 0.23000000000000004
                }
            }
        }
    },
    "Workstation4": {
        "posedstamped": {
            "header": {
                "frame_id": "map",
                "seq": 0,
                "stamp": "0"
            },
            "pose": {
                "orientation": {
                    "w": -0.43390321296607104,
                    "x": 0.03329181079107673,
                    "y": -0.06887768373222539,
                    "z": 0.8977056988766726
                },
                "position": {
                    "x": -6.568058516159541,
                    "y": 0.3893353849743857,
                    "z": 0.23000000000000007
                }
            }
        }
    },
    "Workstation5": {
        "posedstamped": {
            "header": {
                "frame_id": "map",
                "seq": 0,
                "stamp": "0"
            },
            "pose": {
                "orientation": {
                    "w": 0.3497139001065862,
                    "x": -0.08559466323205879,
                    "y": -0.22179568110255415,
                    "z": 0.9061900559720821
                },
                "position": {
                    "x": -5.329081850656288,
                    "y": 4.474898426528647,
                    "z": 0.23000000000000004
                }
            }
        }
    }
}