{
    "Workstation2": {
        "posedstamped": {
            "header": {
                "frame_id": "map",
                "seq": 0,
                "stamp": "0"
            },
            "pose": {
                "orientation": {
                    "w": 0.2860351940418477,
                    "x": -0.028881026616092778,
                    "y": -0.09621837680486202,
                    "z": 0.9529384964603332
                },
                "position": {
                    "x": -5.712279434995387,
                    "y": 4.320000116084779,
                    "z": 0.22999999999999998
                }
            }
        }
    },
    "Workstation3": {
        "posedstamped": {
            "header": {
                "frame_id": "map",
                "seq": 0,
                "stamp": "0"
            },
            "pose": {
                "orientation": {
                    "w": -0.3391584599609318,
                    "x": 0.0435224100001204,
                    "y": -0.11960875238732126,
                    "z": 0.9320789050381189
                },
                "position": {
                    "x": -6.95517685949621,
                    "y": 1.0281255326762453,
                    "z": 0.22999999999999998
                }
            }
        }
    },
    "Workstation4": {
        "posedstamped": {
            "header": {
                "frame_id": "map",
                "seq": 0,
                "stamp": "0"
            },
            "pose": {
                "orientation": {
                    "w": -0.3379627343437896,
                    "x": -0.05199857046264485,
                    "y": 0.14290302717482695,
                    "z": 0.9287927991155945
                },
                "position": {
                    "x": -5.7145021362819275,
                    "y": 0.11589740729422893,
                    "z": 0.22999999999999998
                }
            }
        }
    },
    "Workstation5": {
        "posedstamped": {
            "header": {
                "frame_id": "map",
                "seq": 0,
                "stamp": "0"
            },
            "pose": {
                "orientation": {
                    "w": 0.27655746984591734,
                    "x": 0.046729649883097336,
                    "y": 0.1599198840313053,
                    "z": 0.9464448934753897
                },
                "position": {
                    "x": -6.823917505990417,
                    "y": 3.1274389767364856,
                    "z": 0.23
                }
            }
        }
    }
}