{
    "Workstation2": {
        "posedstamped": {
            "header": {
                "frame_id": "map",
                "seq": 0,
                "stamp": "0"
            },
            "pose": {
                "orientation": {
                    "w": 0.45570264442145786,
                    "x": 0.03136634587616816,
                    "y": 0.06108585863019335,
                    "z": 0.8874794476995391
                },
                "position": {
                    "x": -6.084768269354022,
                    "y": 4.097563455645188,
                    "z": 0.23
                }
            }
        }
    },
    "Workstation3": {
        "posedstamped": {
            "header": {
                "frame_id": "map",
                "seq": 0,
                "stamp": "0"
            },
            "pose": {
                "orientation": {
                    "w": -0.4237634657534,
                    "x": 0.06222173661112818,
                    "y": -0.13127407971398583,
                    "z": 0.8940470326448204
                },
                "position": {
                    "x": -6.909002653136973,
                    "y": 0.8684085461175517,
                    "z": 0.22999999999999993
                }
            }
        }
    },
    "Workstation4": {
        "posedstamped": {
            "header": {
                "frame_id": "map",
                "seq": 0,
                "stamp": "0"
            },
            "pose": {
                "orientation": {
                    "w": -0.42375925470349846,
                    "x": -0.05015521296411778,
                    "y": 0.10629908002276264,
                    "z": 0.8981163923746042
                },
                "position": {
                    "x": -5.640731325695802,
                    "y": -0.06482836766223743,
                    "z": 0.22999999999999993
                }
            }
        }
    },
    "Workstation5": {
        "posedstamped": {
            "header": {
                "frame_id": "map",
                "seq": 0,
                "stamp": "0"
            },
            "pose": {
                "orientation": {
                    "w": 0.14921457794788018,
                    "x": 0.0028569248776644765,
                    "y": 0.018928523907914743,
                    "z": 0.9886195217022304
                },
                "position": {
                    "x": -6.7945485774273155,
                    "y": 3.0453519633553547,
                    "z": 0.22999999999999998
                }
            }
        }
    }
}